Location,Count
Республика Узбекистан,12000
Ташкент,2631
Узбекистан,2574
Москва,1965
Республики Узбекистан,1891
Узбекистана,1800
РФ,1741
Узбекистане,1033
России,1012
США,866
Карши,708
Наманган,699
Россия,532
Андижан,385
Республика Казахстан,358
Термез,339
Навои,301
Российской Федерации,301
Республике Узбекистан,296
СССР,295
Минск,235
Санкт-Петербург,229
Германия,225
Китай,225
Земли,207
Алмалык,194
Температура,192
Киев,180
Алматы,178
Новосибирск,166
Ташкенте,149
Екатеринбург,148
Япония,142
индия,142
Баку,132
Центральной Азии,131
навеске,128
Бухара,124
Казань,123
Казахстана,123
Европе,121
Казахстан,118
Республики,113
САПР,110
лим,106
Германии,105
Центральных Кызылкумов,105
Рисунок,100
ЕС,96
Ферганской области,96
Ташкентской области,95
Республике,93
Уфа,93
Азербайджан,92
Бухара  E-mail,90
Наманганской области,87
Средней Азии,87
Ташкента,86
Республика Каракалпакстан,85
Украина,84
Европы,83
Самара,82
Иваново,80
германия,80
Андижанской области,79
Шымкент,78
Красноярск,77
Курск,77
СНГ,76
Тюбегатанского месторождения,76
Фергана,76
Коканд,75
Китае,72
Фан,71
Ферганской долины,71
Краснодар,70
Наманганская область,69
Уравнения,69
Японии,68
Ташкентский р-н,67
Азии,66
Ангренского месторождения,66
Наука,65
барабане,65
Таджикистана,64
Владивосток,63
Казахстане,63
Франция,63
Украины,62
локомотивов,62
Богословский В.Н.,61
Вьетнам,61
Иркутск,61
Республика Таджикистан,60
Гулистан,58
Душанбе,58
Каратау,58
Таблице,58
Ургенч,58
Италия,57
Омск,57
Сибири,57
Ташкентская область,57
Москвы,56
Самарканд,55
Китая,54
Коэффициент,53
Каракалпакстана,52
Кашкадарьинской области,51
Франции,51
Волгоград,50
Индия,50
РК,50
Челябинск,50
Кемерово,49
Республики Казахстан,49
Томск,49
Индии,48
Легкая индустрия,48
Российская Федерация,48
Текст,48
Турция,48
Химический,48
Навбахорского месторождения,47
Республика Беларусь,47
Тюмень,47
Сочи,46
КНР,45
Мирзо Улугбека,45
Бухарской области,44
Великобритания,44
Европа,44
Университетская,44
Уровни,44
Южный Кемачи,44
Нижний Новгород,43
Ростов-на-Дону,43
Андижан  E-mail,42
Астана,41
Монография,41
Новосибирской области,41
Мирзо Улугбек,39
Одним,39
Таджикистан,39
Масса,38
Навоийской области,38
Нидерланды,38
Нукус,38
Москве,37
Нукус  E-mail,37
Смоленск,37
Великобритании,36
Рис,36
Хандиза,36
Испания,35
Канада,35
Каттакурган,35
Солнца,35
Ставрополь,35
Сурхандарьинской области,35
Теоретические,35
Бразилии,34
Калифорнии,34
Караумбет,34
Обнинск,33
Сурхандарьи,33
Изд-во,32
Канаде,32
Кыргызская Республика,32
Саратов,32
Якутска,32
Азербайджана,31
Беларуси,31
Бухара Е-mail,31
Устюртского региона,31
Хабаровского края,31
Австралии,30
Австралия,30
Воронеж,30
Д2ЭГФК,30
Донецк,30
Плотность,30
Республики Каракалпакстан,30
Северный Уртабулак,30
Туркменистана,30
Аральского моря,29
Бразилия,29
Влага,29
Интернете,29
Одесса,29
Условия,29
,29
Арктики,28
Барсакельмес,28
Игамбердиев,28
Киева,28
Кувасая,28
Пермь,28
Технологии,28
Ферганской долине,28
Харьков,28
Энергия,28
Актау,27
Джизакской области,27
Класс,27
Кокдумалак,27
Количество,27
М.,27
Норвегия,27
Абакан,26
Бишкек,26
Земле,26
Израиль,26
Караганда,26
Контроль,26
Петри,26
Промышленности,26
Тольятти,26
Алжира,25
Белгород,25
Зангиотинский р-н,25
Республика Башкортостан,25
Республики Узбекистана,25
Россию,25
Таблица,25
Ташкентская обл.,25
Универсум,25
Арктике,24
Варианты,24
Дальнего Востока,24
Ижевск,24
Нью-Йорк,24
Турции,24
Якутии,24
щелочи,24
Беларусь,23
Джизак,23
Йодное,23
Ленинград,23
Лесосибирск,23
Мoscow,23
Республика Узбекистана,23
САР,23
Советская,23
Сценар,23
Хорезмской области,23
Якутск,23
Ярослава,23
АР,22
ГФ,22
Дехканабадского месторождения,22
Единица,22
Интернету,22
Калифорния,22
Наукова,22
Охотского моря,22
Тикси,22
Урал,22
Швейцария,22
Андижан Е-mail,21
Афганистан,21
Италии,21
Каракалпакстан,21
Кохрена,21
Приморского края,21
Рассмотрены,21
Ташкура,21
Тула,21
Хабаровск,21
Химия,21
Швеция,21
Бухоро,20
Западной Сибири,20
Земля,20
Металлургия,20
Наваи,20
Туркменистан,20
Ульяновск,20
Уральск,20
Абхазии,19
Азербайджане,19
Кол-во,19
Польша,19
Республика Саха (Якутия),19
Тумрюкского месторождения,19
Узбекистану,19
Ферганская область,19
Центрального Кызылкума,19
Швеции,19
Элементы,19
запад,19
запада,19
исследуемом,19
петле,19
Амударьи,18
Зеленоград,18
Йошкар-Ола,18
Кашкадарьинская область,18
Норма,18
Нур-Султан,18
РОССИИ,18
Республика Азербайджан,18
Республика илмий,18
Ростов,18
СНС,18
Таджикистане,18
Ташкентской,18
Умид,18
Шуртан,18
ЮАР,18
технологик,18
Амударья,17
Армении,17
БГС,17
Бешкент,17
Дании,17
Долинская,17
Калининград,17
Каракалпакии,17
Каракалпакстане,17
Коломна,17
Корея,17
Лапласа,17
Навоийская область,17
Нукуc,17
Пенза,17
Республики Таджикистан,17
Султан,17
титан,17
Англия,16
Евросоюза,16
Ереван,16
Зарафшан,16
Златоусте,16
Интервалы,16
Карталы,16
Кыргызской Республики,16
Магаданской области,16
Майли-Суу,16
Методология,16
Минеральные Воды,16
Нидерландах,16
ПМР,16
Республика илмий-амалий,16
Сармич,16
Соединенных Штатов,16
Тюбегатанском,16
Челябинская область,16
Чехия,16
ЯНАО,16
Ярославль,16
уравнения,16
АНРУз,15
Англии,15
Берлин,15
Бринеллю,15
Вика,15
Вологда,15
Издательство Юрайт,15
Интернет,15
Иран,15
Крайнего Севера,15
Красноярского края,15
Магнитогорск,15
Материалы,15
Мехнат,15
Навруз,15
Ош E-mail,15
Республике Каракалпакстан,15
Республики Беларусь,15
Самаркандской области,15
Сох,15
Сырдарьинской области,15
Туркменистане,15
Центральной Ферганы,15
Алма-Ата,14
Африки,14
Возраст,14
Вывод,14
Гаусса,14
Камчатки,14
Келес,14
Кирхгофа,14
Лагонского месторождения,14
Лондон,14
Московской области,14
Мотыгино,14
Определим,14
Охотск,14
Охотска,14
Российской империи,14
Садовническая,14
Тошкент,14
УзССР,14
Финляндии,14
кубе,14
А.Б.,13
Адгезия,13
Азагария,13
Андижанская область,13
Арала,13
Бухарской,13
Бухары,13
Бюл,13
Голландии,13
Грузии,13
ДФО,13
Деп,13
Дилбар,13
Запад,13
Иркутске,13
Какир,13
Краска,13
Кыргызстан,13
Кыргызстана,13
НАО,13
Нижний Бестях,13
Норильск,13
Пакистан,13
Петербург,13
Поволжья,13
Пятигорск,13
Республика,13
Сан-Франциско,13
Севера,13
Соединенных Штатах,13
Состав,13
Твердая,13
Тебинбулакского месторождения,13
Ферганской,13
Ферганы,13
Финляндия,13
Чирчик,13
ширины,13
Алтайский край,12
Архимеда,12
Бельгия,12
Брянск,12
Геодезия,12
Дагестана,12
Дагестане,12
Дания,12
Дашнабад,12
Днепропетровск,12
Европейского Союза,12
Затока,12
Зейского района,12
Изд,12
Индонезия,12
Исследована,12
Исфайрамсай,12
Кадмий,12
Калуга,12
Киргизия,12
Кострома,12
Кразл,12
Крук,12
Легкая,12
Львов,12
Междунар,12
Мир,12
Наманганской,12
Находка,12
Недра,12
ОАЭ,12
Одесская обл.,12
Охотского района,12
Паулик,12
Республике Саха (Якутия),12
Россией,12
Сингапур,12
Сурхандарьинского региона,12
Сырдарьи,12
Сырдарья,12
Тыква,12
Украине,12
ФРГ,12
Фурье,12
Хаара,12
Цветность,12
Чебоксары,12
Черепаново,12
Швейцарии,12
амплитуд,12
базальта,12
ес,12
посеве,12
почвы,12
2-я Бауманская,11
Ўзбекистон,11
Аmax,11
Аmin,11
Алматы Е-mail,11
Апартакского месторождения,11
Архангельск,11
Атырау,11
Афганистане,11
Афонская,11
Булгин,11
Воздуха,11
