Name,Count
М.,1150
Мирзакулов Х.Ч.,184
Джалилов А.Т.,174
Латипов З.Ё.,149
Хасанов А.С.,147
Каримов Ё.Л.,135
Намазов Ш.С.,135
Бекназаров Х.С.,113
Домуладжанов И.Х.,112
Кадомкин В.В.,109
Шодиев А.Н.,103
Холдоров Б.Б.,98
О. С. Аблялимов,86
Шингисов А.У.,82
Беглов Б.М.,81
Ташпулатов С.Ш.,81
Додаев К.О.,79
Негматов С.С.,77
Туробов Ш.Н.,76
Черунова И.В.,76
Султанова Ш.А.,75
Т.,75
С.,73
Сафаров Ж.Э.,73
Хасилов И.Н.,72
Эркаев А.У.,71
Худайбердиев А.А.,70
Абдурахимов С.А.,64
Амонов М.Р.,63
Долинская И.М.,63
Соддиков Ф.Б.,62
Реймов А.М.,61
Тураев Х.Х.,61
Махмудов М.Ж.,60
Халиков А.А.,57
Кобилова Г.И.,55
Мусаев Н.М.,55
А.с,52
Алланиязов Г.Ш.,52
Усманов И.И.,52
О.С. Аблялимов,51
С.Ш.,51
Ешбаева У.Ж.,49
Сейтназаров А.Р.,49
Вохидов Б.Р.,48
Д.И. Илесалиев,47
Тожиев Р.Ж.,47
Усманов Х.С.,47
Кахаров З.В.,46
С.Ш. Ташпулатов,46
Меликулова Г.Э.,43
Негматова К.С.,43
Турсунов Н.К.,43
Яронова Н.В.,43
Аскаров И.Р.,42
Винник М.М.,42
Курбанов Ж.Ф.,42
Саидахмедов А.А.,42
Таджиев С.М.,42
И.В. Черунова,40
Киёмов Ш.Н.,40
Х.Т. Туранов,40
А.А. Гордиенко,39
Каримходжаев Н.,39
Якубов С.Х.,39
Абед Н.С.,38
Ахмедов В.Н.,38
Хакимов Ш.Ш.,38
Гуляева Г.Х.,37
Норкулова З.Т.,37
Нуркулов Ф.Н.,37
Хамидов О.Р.,37
А.,36
М.М. Винник,36
Хужжиев М.Я.,36
Аблялимов О.С.,35
Атаханов Ш.Н.,35
Ихтиярова Г.А.,35
Музафаров А.М.,35
Домуладжанова Ш.И.,34
Ербанова Л.Н.,34
Заиров Ш.Ш.,34
Мамадалиев А.Т.,34
Махсумов А.Г.,34
Дремова Н.В.,33
Каюмов О.А.,33
Тожибоев А.К.,33
Усманов К.И.,33
А.А.,32
Алимухамедова Б.Г.,32
Имомназаров С.К.,32
М.А.,32
Мукимов М.М.,32
Нарзуллаев А.Х.,32
Туранов Х.Т.,32
Шарифбаева Х.Я.,32
Эргашов М.,32
Атаева Г.И.,31
Исмаилов О.Ю.,31
К.,31
Калдыбекова Ж.Б.,31
Каримов М.У.,31
Холиёрова Х.К.,31
Жумаев И.К.,30
М.: Мир,30
Роенков Д.Н.,30
Тухтаев С.,30
Артиков А.А.,29
Усманов Д.А.,29
Хожиев Ш.Т.,29
Адизов Б.З.,28
Р.,28
Султонов Б.Э.,28
Шукуров А.Ю.,28
Аликулов Ш.Ш.,27
Волынскова Н.В.,27
Кодиров З.З.,27
П.М. Зайцев,27
Самадов А.У.,27
Содикова М.Р.,27
Хужамов У.У.,27
Эргашев Б.А.,27
Абдурашидов И.Ж.,26
Бобокулова О.С.,26
Джамолов Р.К.,26
Жуков И.Г.,26
Иванова В.П.,26
Каримов И.Т.,26
Касаткин А.Г. Основные,26
Л.Н. Ербанова,26
Уринов Ш.Р.,26
Абдуганиев Ш.О.,25
Аблялимов О.С. К,25
В.В.,25
Джураев Х.Ф.,25
К.С.,25
Куйчиев О.Р.,25
Латипова М.И.,25
Лесов К.С.,25
М.Е. Технология,25
Расулова М.К.,25
Тоиров З.К.,25
Хужамкулов С.З.,25
Шарипов Х.Т.,25
Атхамова С.К.,24
Ахмадалиев М.А.,24
Гулямов Г.,24
Джахангирова Г.З.,24
Исомидинов А.С.,24
Мамарахмонов М.Х.,24
Флашка Г.,24
Хайитов Р.Р.,24
Ходжаев С.Ф.,24
Хурмаматов А.М.,24
Шамшидинов И.Т.,24
Гусева М.А.,23
Икрамова М.Э.,23
Кадыров А.А.,23
Капустин В.М.,23
Кобилов Б.У.,23
М.: Химия,23
Садыков Б.Б.,23
Туробжонов С.М.,23
Шодиев Д.А.,23
Юденков А.В.,23
Юсупбеков Н.Р.,23
Юсупходжаев А.А.,23
Абдуллаева М.А.,22
Аблялимов О. С. К,22
Акрамов Б.Ш.,22
В.Н.,22
Дадаев Г.Т.,22
Иссаков Ш.А.У.,22
Кучаров Б.Х.,22
Махмудов С.Ю.,22
Ризаев Б.Ш.,22
Рузибаев А.Т.,22
С.С. Негматов,22
Файзибаев Ш.С.,22
Файзуллаев Н.И.,22
Хамидов Б.Н.,22
Шин И.Г.,22
Э.А.,22
А.Т. Джалилов,21
Арипов Н.М.,21
Ахунбаев А.А.,21
Б.Р. Вохидов,21
Г.Ш. Алланиязов,21
Гордиенко А.А.,21
Дадаханов Н.К.,21
Е.К. Коровяковский,21
Кадырова З.Х.,21
Кукин Г.Н.,21
Мамаражабова Б.А.,21
Мерганов А.М.,21
Нарзуллаева А.М.,21
Ражаббоев И.М.,21
Фозилов С.Ф.,21
Х.Ч. Мирзакулов,21
Хакимов К.Ж.,21
Хамракулова М.Х.,21
Шамшиев Д.А.,21
Адизова Н.З.,20
Акрамов Ш.Ш.,20
Андреева Е.Г.,20
Джалилов А.А.,20
Джураев А.,20
Исматова Р.А.,20
Мажидов А.А.,20
Мухиддинов Б.Ф.,20
Норов Ю.Д.,20
Парпиев А.П.,20
Рахимов Г.Б.,20
Тиллоев Л.И.,20
Турдиалиев У.М.,20
Хамзаев Д.И.,20
Хужакулов Н.Б.,20
Ш.С. Намазов,20
Эрматов О.С.,20
Авалбаев Г.А.,19
Алимарданов Р.А.,19
Ахмедов А.У.,19
Дехканов З.К.,19
Дусматов А.Д.,19
Кочетков С.П.,19
М.: Изд,19
Мамасадиков Ю.,19
Мирошниченко Г.И. Основы,19
Мирсалимова С.Р.,19
Михлиев О.А.,19
Тошев И.И.,19
Холмирзаев Ю.М.,19
Хромова Г.А.,19
Хурсанов А.Х.,19
Шарафутдинов У.З.,19
Шварценбах Г.,19
Якубов С.И.,19
Асамов Д.Д.,18
Бруцкус Е.Б.,18
В.,18
Донияров Н.А.,18
Жумаев Ж.,18
Закиров Б.С.,18
Игамбердиев Х.Х.,18
Иргашев А.,18
Лугачев А.Е.,18
Махаммадиев З.О.,18
Мирмахмудов Э.Р.,18
Мухамадиев Б.Т.,18
Насриддинов А.Ш.,18
Норкулова З.Т. Анализ,18
Разоков А.Я.,18
С.А. Абдурахимов,18
Сарболаев Ф.Н.,18
Смирнов Н.Н.,18
Таджиходжаев З.А.,18
Турабджанов С.М.,18
Турсунов С.,18
Турсунова З.Н.,18
Холикулов Д.Б.,18
Эминов Ш.О.,18
Эргашев М.,18
Юлдашев Т.Р.,18
Абдурахмонов С.А.,17
Алиматов Б.А.,17
Ахмедова З.М.,17
Давлатов Р.М.,17
Дадамирзаев М.Х.,17
Дадаходжаев А.Т.,17
Исмаилов Р.И.,17
Иссаков Ш.А.,17
Кадиров Т.Ж.,17
Каримкулов К.М.,17
М.М.,17
Маматожиев Ш.И.,17
Мардонов Б.М.,17
Размук В.А.,17
Самандаров Д.И.,17
Тагаев И.А.,17
Усманов Б.С.,17
Эргашев С.Ф.,17
Эрк А.Ф.,17
А.И. Хуррамов,16
А.С. Хасанов,16
Азимов О.А.,16
Айтымбетов С.Р.,16
Алматаев Т.О.,16
Аметова А.А.,16
Аралов Х.М.,16
Бойназаров Б.Б.,16
Кармышов В.Ф.,16
Колесников И.К.,16
Кулдашева Ш.А.,16
Лутфуллаев С.Ш.,16
Мелибоев М.Ф.,16
Мирмусаева К.С.,16
Мулдабекова Б.Д.,16
Мухитдинов М.Б.,16
Н.Н.,16
Назирова Р.М.,16
Очилов А.А.,16
Рахимходжаев С.С.,16
Собиров М.М.,16
Толибов Б.И.,16
Холиков К.М.,16
Холматов О.О,16
Юсупов А.А.,16
Абдурахмонов С.М.,15
Алимов У.К.,15
Ахмедова Н.М.,15
Ахтамов Ф.Э.,15
Бабаханова М.А.,15
Бахриддинов Н.С.,15
Бурнашев Р.Ф.,15
Д.А.,15
Е.С. Теория,15
Жуков И.Г. Показатели,15
Зайцев П.М.,15
Каршибоев Ш.Б.,15
Кельман Ф.Н.,15
Кобулов Ж.Р.,15
Левин Б.В.,15
М.: Изд-во,15
Мирзаев Д.М.,15
Мурадов Р.,15
Н.,15
Набиев М.Н.,15
Остонов Ф.И.,15
Пулатова С.У.,15
Рейпназарова З.Д.,15
Росабоев А.Т.,15
Салиханова Д.С.,15
Соловьев А.Н.,15
Соттикулов Э.С.,15
Судаченко В.Н.,15
Турдиалиева М.М.,15
Умарова М.О.,15
Яриев О.М.,15
Абдикамалова А.Б.,14
Абдукаримова Д.Н.,14
Авезова Ф.А.,14
Аллаберганова Г.М.,14
Андреева Е.Г. Теоретические,14
Арифджанова К.С.,14
Арутюнян Н.С.,14
Бабаханова Х.А.,14
Баротов Ж.С.,14
Володченков А.М.,14
Гафуров К.Х.,14
Кафаров В.В.,14
Левченко  Н.Н.,14
Мамаджанов З.Н.,14
Махкамова Ш.Ф.,14
Мирзаева М.А.,14
Мурадов Р.М.,14
Мусаева М.М.,14
Набиев А.А.,14
Нурмухамедов Х.С.,14
Равшанов К.А.,14
Романков П.Г.,14
Саидивалиев Ш.У.,14
Салойдинов А.А.,14
Сатторов М.О.,14
Тошева Н.М.,14
Хакимов А.А.,14
Хамзаев И.Х.,14
Хамидов Р.А.,14
Хасанова Б.,14
Хужакулов А.М.,14
Юсупов Д.,14
Юсуфхонов З.Ю. У.,14
А. Джураев,13
А.П. Нечаев,13
Адилова М.Ш.,13
Азизов И.Р.,13
Аметова А.А. Построение,13
Амиров С.Ф.,13
Аскарова Н.М.,13
Атакузиев Т.А.,13
Ахмедов А.Н.,13
Бабаев З.К.,13
Базаров Б.И.,13
Бардин С.В.,13
Бердиев Д.М.,13
В.М. Капустина,13
Валиева З.Ф.,13
Вафаев О.Ш.,13
Г.,13
Г. А. Ильин,13
Г. С. Афонин,13
Горовик А.А.,13
Д.,13
Деев В. В. Тяга,13
Джалилов А.Т. Защита,13
Джалилов А.Т. Синтез,13
Джандуллаева М.С.,13
Джураева Г.Х.,13
Доспехов Б.А. Методика,13
Жуланов И.О.,13
Жураев М.Н.,13
И.В.  Черунова,13
Ибрагимов Р.Р.,13
Исомиддинов А.С.,13
Корабельников Р.В.,13
Мадаминова Г.И.,13
Марти Ф.,13
Маткаримов Ш.А.,13
Орипов Р.,13
Ортиков О.А.,13
Семин А.Е.,13
Суванова Ф.У.,13
Умаров Ш.И.,13
Хакимов К.Ж,13
Ходжиев М.Т.,13
Ш.Б. Джабборов,13
Ш.У. Саидивалиев,13
Шеркузиев Д.Ш.,13
Шодмонов Х.М.,13
Э. С. Ушаков,13
Эркинов И.Б.,13
Эшкурбонов Ф.Б.,13
Якубов Р.Я.,13
м.ч,13
науч. сотр.,13
А.П.,12
Абдувахидов М.,12
Аблялимов О. С.,12
Аблялимов О. С. Основы,12
Азизов А.Р.,12
Алимухамедов М.Г.,12
Амонова М.М.,12
Ахмедов У.К.,12
Бахронов Х.Ш.,12
Гафуров К.,12
Глаголева О.Ф.,12
Джураев А.М.,12
Жумаева З.Э.,12
Закиряева Н.Г.,12
Зеликман А.Н.,12
Зиберт А.О.,12
И.А.,12
И.И. Усманов,12
Ибрагимов О.О.,12
Ибрагимова Ф.Б.,12
Ильин А.П. Концентрирование,12
Искандарова М.И.,12
Кадомкин В.В. Метод,12
Каюмов О.А,12
Кодиров Т.У.,12
Курбанов А.А.,12
Л.,12
Максудов Р.Х.,12
Маматов Ш.М.,12
Мамиров И.Г.,12
Маркман А.Л.,12
Матисмаилов С.Л.,12
Матякубов Р.,12
Мирвалиев З.З.,12
Мусаев М.У.,12
Н.А.,12
Ниёзов Э.Д.,12
Нормаматов Ф.Х.,12
Нормирзаев А.Р.,12
О.Ф. Глаголевой,12
Олимов Б.Б.,12
Ошерович Р.И. Методы,12
Ражапов О.О.,12
Росилов М.С.,12
Садирова С.Н.,12
Саидов С.С.,12
Салимов З.С.,12
Трунин А.С.,12
Усанбаев Н.Х.,12
Хакимов Р.М.,12
Хамдамова Ш.Ш.,12
Хамракулов М.Г.,12
Холматов О.O,12
Холмурзаев А.А.,12
Холов И.А.,12
Худанов У.О.,12
Черунова И.В. Разработка,12
Эшмуродов Х.Э.,12
Юсупов Ф.М.,12
Якубова Н.С.,12
А. Одилжанов,11
А.Н.,11
А.Т. Лесов,11
А.Т. Мамадалиев,11
Аббазов И.З.,11
Абдуллаев Ф.Т.,11
Абдуразаков А.,11
Арипов А.Р.,11
Ахмедов  Д.Т. У.,11
Ахмедов Д.Т. У.,11
Ахмедова Д.У.,11
В.А.,11
Володченков  А.М.,11
Гафуров М.О.,11
Дадажонов Ш.Д.,11
Джаббаров Ш.Б.,11
